<Configuration ID="84dcd094-d4ee-4db1-ac69-524c219eb38b">
  <Info Description="Default Installation" />
  <Add OfficeClientEdition="32" Channel="Broad" ForceUpgrade="TRUE" MigrateArch="TRUE">
    <Product ID="O365ProPlusRetail">
      <Language ID="de-de" />
      <Language ID="MatchPreviousMSI" />
      <Language ID="en-us" />
      <Language ID="fr-fr" />
      <Language ID="it-it" />
      <ExcludeApp ID="Teams" />
    </Product>
    <Product ID="LanguagePack">
      <Language ID="de-de" />
      <Language ID="MatchPreviousMSI" />
      <Language ID="en-us" />
      <Language ID="fr-fr" />
      <Language ID="it-it" />
      <ExcludeApp ID="Teams" />
    </Product>
    <Product ID="ProofingTools">
      <Language ID="en-us" />
      <Language ID="fr-fr" />
      <Language ID="de-de" />
      <Language ID="it-it" />
    </Product>
  </Add>
  <Property Name="AUTOACTIVATE" Value="1" />
  <RemoveMSI />
  <AppSettings>
    <Setup Name="Company" Value="BDO AG" />
    <User Key="software\microsoft\office\16.0\excel\options" Name="defaultformat" Value="51" Type="REG_DWORD" App="excel16" Id="L_SaveExcelfilesas" />
    <User Key="software\microsoft\office\16.0\powerpoint\options" Name="defaultformat" Value="27" Type="REG_DWORD" App="ppt16" Id="L_SavePowerPointfilesas" />
    <User Key="software\microsoft\office\16.0\word\options" Name="defaultformat" Value="" Type="REG_SZ" App="word16" Id="L_SaveWordfilesas" />
  </AppSettings>
  <Display Level="None" AcceptEULA="TRUE" />
</Configuration>